organizational_structure,coherence,essay_length,grammatical_accuracy,grammatical_diversity,lexical_accuracy,lexical_diversity,punctuation_accuracy
3.0053592,3.271945,3.506562,2.8567195,3.2621348,3.1938543,2.9341295,3.301564
3.3848913,3.4275968,4.026127,2.8888566,3.0131018,2.9797022,2.9196289,3.5172367
3.9371212,3.9453254,4.5206394,3.558848,3.814244,3.7417078,3.487998,4.167103
3.0067625,3.0189242,3.4793952,2.484162,2.7140052,2.6616101,2.6462312,3.026699
4.4514394,4.477096,5.1144524,4.398896,4.6645937,4.68516,4.0673504,4.6566257
3.6606624,3.6551626,4.2523975,3.1969538,3.3763728,3.3678174,3.240092,3.762959
4.279876,4.256922,4.941914,4.0885897,4.215565,4.3088164,3.771624,4.469145
3.4966989,3.53428,4.055475,3.2071934,3.3460166,3.2408686,3.1125255,3.6756234
4.513829,4.5187945,5.129193,4.492426,4.7712264,4.815148,4.1113324,4.724704
4.5209103,4.5124803,5.0669274,4.6115026,4.9176116,4.994177,4.216337,4.755396
4.0621705,4.0832033,4.6858983,3.722907,4.021698,4.0195246,3.5992198,4.2313
3.6506069,3.662958,4.266944,3.225481,3.35751,3.327989,3.1915267,3.8015413
4.094733,4.0450025,4.723853,3.7845423,4.036595,4.0307035,3.5815299,4.270107
4.4759507,4.523809,5.014243,4.556508,4.6941223,4.7061834,4.042468,4.660443
3.524658,3.5311255,3.9692497,3.0561116,3.2388747,3.1468203,3.0604777,3.5911744
4.541699,4.60679,5.074154,4.626864,4.858976,4.865122,4.169222,4.7164073
4.389505,4.344923,4.9434214,4.3118663,4.479019,4.453973,3.9310174,4.560573
4.5132556,4.509166,5.073923,4.538396,4.7227163,4.7307873,4.071712,4.67394
3.1090178,3.1546082,3.4341772,2.6699898,2.8761725,2.7436974,2.736904,3.1944754
3.5609784,3.5706213,4.126244,3.1504753,3.3211188,3.227898,3.1174715,3.7414207
4.215996,4.280736,4.8683,4.0638947,4.2717924,4.2886686,3.767113,4.4836483
4.3361235,4.315381,4.923252,4.18149,4.4741893,4.5192003,3.8332815,4.580975
3.9014926,3.8878891,4.4904714,3.5104897,3.7445865,3.7135863,3.4598289,4.132066
3.6145253,3.513923,4.0832686,3.1529655,3.4008255,3.3179252,3.0897179,3.6568995
3.7518284,3.7212043,4.238918,3.329177,3.555104,3.4803572,3.2787256,3.8989692
3.2071328,3.1478765,3.6974695,2.6553068,2.7600436,2.7222128,2.70489,3.2505069
3.5366554,3.5021002,4.039299,3.01946,3.2018862,3.1146665,3.0303917,3.6473103
3.4049845,3.367513,3.9636984,2.9285104,3.1195502,3.1337543,2.9949207,3.5883436
2.755251,2.796544,3.185664,2.3221524,2.5828605,2.5427165,2.4762611,2.8509483
3.9246554,3.8671596,4.44031,3.5061471,3.8582644,3.743113,3.4301162,4.1625223
2.7167635,2.7747204,3.2279503,2.2362719,2.3437274,2.3139474,2.3944821,2.725793
3.2714758,3.261915,3.6893134,2.7386293,3.0407286,2.9911027,2.8633192,3.4004445
3.3294888,3.3208818,3.8079097,2.8343563,3.1678195,3.1066632,2.9656749,3.506431
2.8876998,2.8063173,3.4483752,2.2904446,2.439248,2.4202042,2.4764042,2.9409711
4.52471,4.476622,5.072502,4.498616,4.853994,4.886095,4.136244,4.6719565
4.4795165,4.4460135,5.0371747,4.4222913,4.696264,4.7062364,4.144868,4.67746
3.7128696,3.6902845,4.1942444,3.3304274,3.567717,3.4874,3.340945,3.9281337
3.35368,3.4177878,3.778367,3.0077972,3.2647433,3.1986616,3.0402253,3.563032
3.8394015,3.8478932,4.3334794,3.4388633,3.6620579,3.5685265,3.4069605,4.0724144
2.521669,2.5143104,3.0357947,2.037732,2.217984,2.178683,2.264136,2.5022285
3.8006291,3.784139,4.2925024,3.5057018,3.7229903,3.6094809,3.4817545,4.0532613
2.0515013,2.0244424,2.5308635,1.6962361,1.8735491,1.8410283,1.8909874,1.9751732
3.9670062,3.8854578,4.4695992,3.6084106,3.8458414,3.8667452,3.5336273,4.176223
3.9842498,3.9171066,4.56123,3.684047,3.7996428,3.7395306,3.5142078,4.2328258
4.31926,4.2856565,4.981131,4.1328397,4.37688,4.4358125,3.8663669,4.5686364
4.4317217,4.3769765,4.985181,4.243788,4.432259,4.532616,3.9655435,4.6082754
4.4191394,4.41022,5.0145864,4.3395476,4.5992618,4.6368356,4.0535016,4.647866
2.6669645,2.7866747,3.1270308,2.3799267,2.642487,2.5534272,2.5254233,2.8129797
3.3891041,3.4417658,3.862571,3.0427647,3.2348273,3.2088737,2.996611,3.59179
3.650016,3.675881,4.114388,3.3044963,3.5503347,3.526476,3.2606416,3.8780353
3.3727465,3.3776708,3.8370976,2.9390738,3.2611687,3.1466746,3.0167317,3.5391135
3.7901955,3.8805664,4.365477,3.583533,3.7496653,3.635695,3.418857,4.0848618
3.3979769,3.4780555,3.8778627,3.1500742,3.4809947,3.3660529,3.137628,3.6926348
3.4128616,3.4010901,3.9217508,2.9610906,3.1460803,3.0606072,3.0184119,3.512063
4.3127027,4.368795,4.95969,4.2940416,4.551601,4.580228,3.9759493,4.61309
1.8389246,2.0238745,2.163462,1.7378856,2.01655,1.9255196,1.9128728,1.9157231
3.375909,3.405991,3.7622616,3.1305296,3.3061318,3.2592485,3.0731263,3.5001597
4.4109125,4.4364085,5.013365,4.50171,4.6850543,4.6878753,4.094513,4.6469197
2.5141408,2.6191728,2.9775639,2.2538204,2.5371249,2.469458,2.4469547,2.508936
2.8479376,2.8838274,3.261289,2.5053902,2.6786308,2.6232045,2.5896983,2.856811
3.5601873,3.5400205,4.0836244,3.1087976,3.2871327,3.216003,3.091154,3.6616657
3.7028759,3.7627764,4.282092,3.484359,3.6633513,3.639553,3.3661768,4.121751
3.5091853,3.5648768,4.061785,3.2013607,3.333174,3.308936,3.1312754,3.8377037
3.0412118,3.1593142,3.4456685,2.7814608,2.9811404,2.9359388,2.8182917,3.2456915
3.9077816,3.951343,4.418867,3.727178,4.0030904,3.990794,3.6132538,4.231115
4.3057857,4.4134293,4.828527,4.3911457,4.6327896,4.66922,4.022158,4.596459
3.3132234,3.396723,3.7261202,2.9718227,3.2441187,3.2151165,2.9803424,3.483233
3.6365213,3.9005034,4.241987,3.6405952,3.9705367,3.9198165,3.5691092,4.0569
3.7168531,3.734599,4.2923174,3.370408,3.569624,3.5372434,3.3259332,3.882698
2.5862966,2.5621173,3.0415587,2.1032014,2.3075905,2.2754312,2.3336973,2.5148618
4.1943917,4.202876,4.9170284,4.0165186,4.2423615,4.2057266,3.7687821,4.388469
2.5687847,2.5325844,3.089012,2.0211945,2.1977487,2.1701558,2.2404463,2.4813247
3.2424083,3.275814,3.716817,2.804515,2.8677025,2.7668293,2.8053794,3.3631172
3.4268436,3.5492337,3.950863,3.13049,3.2994196,3.1801233,3.147989,3.6110811
3.6663606,3.7216017,4.158756,3.3734815,3.5556633,3.4613683,3.2839684,3.8584428
2.0695217,2.3704813,2.3428223,2.1533985,2.4097135,2.3049686,2.1893513,2.2751353
4.493235,4.5931635,5.0596185,4.694561,4.910576,4.9225755,4.204282,4.67141
3.8451831,3.9268897,4.4020395,3.648211,3.9454978,3.916254,3.5284367,4.1263185
3.9778233,4.0842586,4.578968,3.9733822,4.1646924,4.1795797,3.6929307,4.349204
3.6055686,3.641035,4.191722,3.2915213,3.5726566,3.5488286,3.2450793,3.8199122
3.2318926,3.2951212,3.6998549,2.9433103,3.2063391,3.1239688,2.9305837,3.340227
3.8051722,3.807359,4.3816943,3.46175,3.5663834,3.5223927,3.307516,3.9597228
3.2189193,3.312459,3.5128746,3.0083373,3.1649356,3.1539166,2.9288373,3.4586716
3.441986,3.4279504,3.873631,2.9824526,3.2245948,3.1429706,2.9888577,3.6000502
3.329711,3.4028487,3.8509073,2.8779345,3.1050858,3.047911,2.9949982,3.4757018
4.274237,4.2595305,4.8876977,4.0118513,4.2582498,4.24695,3.7453032,4.4681625
4.5733404,4.5369883,5.116585,4.5516696,4.895619,4.9919515,4.2311916,4.710547
2.0081139,1.9429811,2.7189558,1.6808494,1.715304,1.7362472,1.8443056,1.9394536
4.0234923,4.0103536,4.6613417,3.6583073,3.8792448,3.846349,3.5528738,4.2426066
3.5201712,3.512476,4.0166507,3.0335903,3.2374651,3.1191583,3.073956,3.6966844
3.7522008,3.776766,4.247397,3.5124648,3.7974749,3.702514,3.466572,4.083206
3.9563215,3.9584038,4.3987207,3.6865416,3.972213,3.911764,3.5133343,4.104823
3.506089,3.528024,4.0526185,3.1065025,3.4231265,3.3083544,3.0703533,3.6908796
3.7231896,3.7319064,4.3311634,3.4400065,3.6446655,3.5660663,3.3043516,3.9536839
3.7294402,3.7310653,4.3387423,3.3126686,3.5681338,3.4772234,3.296526,3.9244905
3.2154336,3.224753,3.7060714,2.7140827,2.9047763,2.823291,2.8115823,3.278067
4.3463554,4.3597183,4.930175,4.2375345,4.514034,4.5186434,3.9657347,4.603632
2.606875,2.675722,3.046466,2.1680577,2.415763,2.332109,2.3711035,2.6736681
4.4402595,4.475273,5.05156,4.343592,4.6721997,4.758417,4.1115866,4.7097173
3.5314643,3.6192348,4.0747843,3.1212308,3.4551628,3.3912952,3.2047324,3.7707698
3.6949,3.6606927,4.2500625,3.2140746,3.464287,3.3833144,3.2517512,3.8739893
4.360316,4.343571,4.871027,4.428614,4.5309587,4.518803,3.9697726,4.460364
3.3721776,3.415605,3.7878032,3.0054393,3.2173486,3.1786125,3.0184977,3.4591575
4.432039,4.441845,5.0575695,4.525358,4.628204,4.5976086,4.045439,4.6101866
3.614966,3.6090326,4.1075954,3.1940913,3.410457,3.342123,3.2499223,3.7227468
3.618596,3.6023953,4.150201,3.166142,3.3346984,3.2808478,3.2236695,3.7441876
3.8163671,3.8268425,4.3907847,3.5060775,3.7245114,3.6606143,3.4515438,3.9762704
4.045009,4.0294333,4.5658736,3.7461896,4.007112,3.9143596,3.5966253,4.2597585
2.4589436,2.389013,2.9467413,1.989519,2.1799257,2.145913,2.1814473,2.3281922
4.192616,4.2080154,4.7769017,4.0371246,4.361628,4.3459845,3.7827127,4.4710464
4.4996867,4.4564524,5.0995216,4.503595,4.689406,4.7203774,4.098144,4.6520643
4.309927,4.245502,4.827093,4.1528716,4.492791,4.412377,3.888036,4.5326543
2.2364228,2.2937448,2.6910815,1.9358034,2.145306,2.0783253,2.1109564,2.2391899
4.4673905,4.4995103,5.0621257,4.494616,4.662435,4.6413827,4.060736,4.640535
4.531328,4.536704,5.0882487,4.629599,4.798931,4.7897654,4.184455,4.734128
4.2193336,4.2635016,4.773007,4.1548977,4.342469,4.327989,3.8665018,4.450613
4.2865353,4.283299,4.8641295,4.264953,4.433261,4.3798013,3.8711586,4.4922285
4.4728227,4.476387,5.0601764,4.529243,4.6899414,4.6913705,3.9906528,4.6184006
3.7868028,3.8050253,4.307998,3.4928935,3.5887764,3.501672,3.362471,3.939884
3.6823745,3.6777358,4.151526,3.3290148,3.4685316,3.3924508,3.2500086,3.8140228
3.4303093,3.4843483,3.7653956,3.0532522,3.2632601,3.192204,3.0859723,3.5345376
3.3978698,3.460869,3.8259015,3.0300953,3.2181365,3.136804,3.0534706,3.4750617
2.8065314,2.9617262,3.1975715,2.6060305,2.7633579,2.7373488,2.6948104,2.8742397
3.8310974,3.8997242,4.3789835,3.5099795,3.8247075,3.7984998,3.4580526,4.1053586
3.3084223,3.3949618,3.7731876,2.9326859,3.1446478,3.1236596,2.9932349,3.5049064
3.2226043,3.3366563,3.6229622,2.997823,3.3240988,3.2831638,3.0447397,3.4501731
3.2299395,3.3217003,3.688713,2.922769,3.2610583,3.2211106,3.058301,3.5070913
3.4284365,3.4956906,3.836098,3.0450125,3.3484797,3.2528613,3.0908425,3.575407
3.728879,3.7163272,4.3165917,3.2481356,3.586683,3.5136206,3.303405,3.9862697
3.8170009,3.796395,4.378941,3.4227889,3.7260334,3.6645598,3.3801408,3.9934375
2.4612694,2.3961236,2.899821,1.9582037,2.1599073,2.1093009,2.1777372,2.3143194
3.0185308,3.058924,3.4146917,2.5413136,2.7160487,2.673415,2.6705234,3.0612378
3.5339453,3.5328984,4.089913,3.1068635,3.2857244,3.2426836,3.119237,3.658269
3.855248,3.8228538,4.4448647,3.4656544,3.658565,3.597938,3.3569357,4.0199065
3.157141,3.0743303,3.5268872,2.6401303,2.8695567,2.780233,2.6975906,3.1691608
3.3786845,3.3125763,3.9003713,2.8211327,3.0163825,2.9290748,2.8720684,3.4227488
3.6647263,3.6802728,4.2034473,3.2773407,3.4329224,3.3911467,3.2328284,3.8151035
4.3174133,4.3246155,4.9271264,4.241195,4.4614573,4.4875016,3.9600186,4.565402
4.069117,4.0735536,4.6471324,3.9011781,4.279688,4.225138,3.7217484,4.3428683
3.1078713,3.1842694,3.5432835,2.6737452,2.984011,2.8971772,2.7930944,3.244766
3.6265795,3.6084785,4.124606,3.1815085,3.468446,3.4529715,3.2308471,3.703615
3.9912155,3.9366498,4.568753,3.6974218,4.0331655,4.020283,3.5733032,4.19603
2.8368402,2.7933068,3.3480363,2.2453444,2.4324887,2.3806727,2.4506278,2.761813
4.1969733,4.21986,4.850512,3.9609447,4.168724,4.1887875,3.753839,4.474533
3.8812,3.9297528,4.4287176,3.5666125,3.9357398,3.884572,3.429787,4.1001573
3.8476257,3.8781328,4.4752836,3.4849148,3.7062757,3.632534,3.4041314,4.110246
4.085645,4.109837,4.7239428,3.7796903,4.026,4.020344,3.6643648,4.342304
3.8442478,3.924387,4.4433246,3.491593,3.750497,3.6834693,3.5297422,4.0360065
4.1457667,4.1856356,4.778896,3.871584,4.214584,4.177365,3.7954655,4.3816266
4.362292,4.3257346,4.9175415,4.3291717,4.474127,4.4275937,3.9316144,4.5127406
3.9561207,4.0269575,4.5383067,4.077666,4.1953573,4.079721,3.7106574,4.1788692
3.6574872,3.7012758,4.1093273,3.423653,3.609935,3.5295634,3.3285105,3.760611
3.8431823,3.9046054,4.2530956,3.5859272,3.7819655,3.707735,3.4321923,3.9952924
3.2890856,3.3365688,3.8125014,3.0337791,3.181416,3.085092,2.9637287,3.477551
3.182283,3.2469468,3.588302,2.9101884,3.1910849,3.0884078,2.951159,3.283955
3.3608348,3.3408928,3.868731,2.9382772,3.1090882,3.0213122,2.9418123,3.450175
3.1861696,3.3543513,3.7124991,3.0852144,3.3355956,3.242875,3.060812,3.4629698
4.4260306,4.460088,5.060223,4.47619,4.6955967,4.750317,4.052316,4.682227
2.5426018,2.5339723,3.072706,2.2212305,2.457552,2.4267254,2.40211,2.5427647
3.3155775,3.464218,3.8199666,2.9703336,3.1728685,3.0746808,3.065573,3.4692223
4.1923423,4.1959615,4.769714,4.0338845,4.2433257,4.181359,3.6869953,4.3872085
4.339336,4.3842754,4.996212,4.1983156,4.2618303,4.235635,3.91249,4.4799347
3.7481616,3.9112315,4.3670588,3.7878354,3.9283724,3.8968077,3.5984294,4.0575023
3.463952,3.4587815,3.8813045,3.0878491,3.269896,3.1968746,3.0536933,3.4910765
4.336279,4.3684134,4.995583,4.4441543,4.564176,4.569241,4.0065565,4.5684733
4.277156,4.395574,4.979664,4.2295747,4.4337277,4.4017887,3.9914181,4.5267987
3.3642163,3.4499247,3.8405068,2.9789443,3.2398574,3.1641648,3.0206597,3.5365343
3.4901617,3.496142,3.9671264,3.11554,3.3078642,3.2453783,3.143761,3.613138
3.4330497,3.5203705,3.961153,3.1310089,3.3919806,3.3510811,3.2109532,3.6396167
2.81416,2.736691,3.2808337,2.2499785,2.4632998,2.3916008,2.4235494,2.6769495
3.6988578,3.7612858,4.3042216,3.2731204,3.543837,3.5185916,3.346465,3.870998
3.7292464,3.872923,4.3231387,3.540383,3.7718744,3.7184458,3.4554946,4.003989
4.4895506,4.5229607,5.0442977,4.7008686,4.9722524,4.9959736,4.2249804,4.644593
4.3034086,4.377766,4.8384757,4.3304443,4.542686,4.526521,4.008125,4.526551
4.073476,4.2579126,4.6905212,4.057266,4.366795,4.3436346,3.8869145,4.421779
3.4451702,3.5209491,3.9196901,3.139591,3.3839269,3.3467522,3.1379158,3.5705369
4.2679963,4.4169703,4.902484,4.417038,4.6563625,4.735117,4.0630445,4.6239557
3.1227782,3.3024862,3.5295281,2.8252563,3.0556018,2.9680223,2.9073055,3.2898254
3.1537042,3.1934154,3.6702466,2.7667038,2.9681273,2.8952017,2.8142703,3.340017
3.4870627,3.4918408,3.9622593,3.0828052,3.3285613,3.2541306,3.0849411,3.628696
3.713972,3.7869318,4.2271614,3.4344258,3.677439,3.5421903,3.3627436,3.9191036
4.0472746,4.0071883,4.5636096,3.7763076,4.066729,3.9758096,3.6186142,4.1588817
4.2162476,4.172347,4.8293304,4.1312857,4.399562,4.3588247,3.8264153,4.446592
4.389651,4.3824553,4.929887,4.439358,4.5609055,4.595455,4.0189657,4.634721
2.9506042,3.1257632,3.2515576,2.8594985,2.990903,2.9197187,2.8518057,3.1265056
3.4255424,3.4438334,3.8427591,3.0975487,3.2566137,3.1630592,3.1054554,3.5943604
3.4602594,3.5177734,3.9206033,3.2259543,3.3003602,3.2359881,3.1600094,3.6747794
3.4185987,3.4133337,3.8930533,2.9998362,3.2623615,3.192318,3.1123679,3.574598
4.4863195,4.4268527,5.1545043,4.4733224,4.707004,4.770051,4.0709515,4.6684284
3.7273917,3.8453672,4.1869354,3.5002146,3.7579281,3.677809,3.4558728,3.9508004
2.8750353,3.0112145,3.376068,2.5054653,2.7055542,2.678897,2.6512125,2.98107
4.56646,4.518156,5.131914,4.567366,4.765728,4.9263268,4.148263,4.7033896
3.750748,3.6049743,4.278513,3.350928,3.618095,3.5654151,3.3011866,3.9005566
3.2582097,3.2339633,3.7668512,2.7288902,2.9662971,2.9305778,2.8538897,3.3535345
2.983033,2.9484184,3.4525888,2.4266813,2.5948458,2.5517845,2.6052015,2.9594297
4.0568824,4.028825,4.6708093,3.7430696,4.0587754,3.9880247,3.6441479,4.277393
4.391945,4.386063,4.9955645,4.439678,4.5951176,4.640956,4.0073614,4.5941844
3.5292203,3.603222,4.1040874,3.2036655,3.3898742,3.3742888,3.1684685,3.7042615
4.2763114,4.368186,4.8522315,4.4490867,4.5867043,4.558525,4.055624,4.557697
3.9741018,3.917051,4.6328306,3.671738,3.7838206,3.7411692,3.5081985,4.194202
3.6843212,3.640492,4.308885,3.4247005,3.5240266,3.4591746,3.1917117,3.8827097
2.8631527,2.9628444,3.4603124,2.553132,2.6503212,2.679117,2.567137,2.9581413
4.294826,4.32155,4.8692408,4.2796264,4.5174117,4.551613,3.947878,4.609857
3.9855735,4.0748076,4.635792,3.9280643,4.101899,4.111916,3.6232474,4.349495
4.270079,4.3948617,4.9034014,4.350478,4.508901,4.5726523,3.9297352,4.5978217
3.55123,3.7213144,4.052756,3.406242,3.6239173,3.5716321,3.245977,3.8459911
4.2849956,4.2159743,4.837115,4.2720532,4.410204,4.475633,3.8086176,4.5675707
3.74398,3.731707,4.2273364,3.3933716,3.6513326,3.5668166,3.3413255,3.9945796
4.2106376,4.2034683,4.8269444,4.1593885,4.299947,4.335603,3.7596316,4.4119215
3.8501985,3.7159767,4.374031,3.5510552,3.6134958,3.5832076,3.3137217,4.04002
4.113014,4.252238,4.7862325,4.2899637,4.345986,4.3537173,3.8847637,4.603478
3.7212744,3.7881498,4.2503543,3.3849728,3.6752985,3.5927181,3.388929,3.889913
3.4979188,3.5190077,4.0402737,3.1616292,3.4028404,3.2939527,3.1950397,3.7524023
3.247132,3.3403435,3.8443615,2.9757226,3.2565634,3.2078896,3.0125606,3.5215144
3.6183033,3.684646,4.2881,3.3328567,3.4538953,3.406722,3.1685984,3.9435575
3.559764,3.59096,4.1269407,3.209191,3.3421724,3.2922401,3.12364,3.7375712
3.6340203,3.6982555,4.1132975,3.4142444,3.487763,3.4321773,3.2926285,3.7990148
3.6874285,3.6708279,4.150841,3.3426328,3.396486,3.3153079,3.158978,3.733998
4.226587,4.263804,4.7664385,4.0815306,4.3281913,4.3183265,3.795782,4.3217216
3.945712,3.9546347,4.535075,3.5523417,3.8721814,3.7912521,3.4724169,4.102071
4.512658,4.4803667,5.0780854,4.495811,4.729123,4.7655854,4.041489,4.685738
3.6690767,3.6757765,4.2811055,3.4077876,3.6407702,3.5503538,3.3457203,3.9149046
4.3697,4.3343315,5.0286856,4.2797294,4.501854,4.4957833,3.9276166,4.596909
4.01101,4.011412,4.580618,3.7482555,4.031546,3.985172,3.5798569,4.2349815
3.210599,3.4078329,3.7593162,3.0999181,3.2508821,3.2062354,3.0729961,3.4747238
4.5209446,4.532415,5.1352434,4.5466733,4.7623215,4.8572965,4.231941,4.745045
3.564648,3.5889423,4.077816,3.1785884,3.4322886,3.3405135,3.2469418,3.7143953
4.005588,4.088725,4.645512,3.8546805,4.0200243,3.9812784,3.6569588,4.3232317
4.1955185,4.266393,4.877035,4.1883335,4.3402762,4.3300366,3.945091,4.564599
4.20299,4.265271,4.825795,4.109679,4.294648,4.3068056,3.8407593,4.5162854
4.2437606,4.256463,4.858554,4.1158314,4.3345704,4.357132,3.7839592,4.4389853
3.5223327,3.5149465,3.9990277,3.1599526,3.3188205,3.2345743,3.1293914,3.6883252
2.7311532,2.7791293,3.2448754,2.457465,2.6718423,2.596384,2.590647,2.8276286
4.4234962,4.395455,4.9418645,4.500135,4.7026596,4.717659,4.0784426,4.6731186
3.473403,3.479203,3.9991865,3.1945784,3.2443752,3.1142085,3.1023972,3.607747
4.0007353,3.9558778,4.592786,3.7709033,3.886147,3.812961,3.5282738,4.2362947
3.3521957,3.4514236,3.7602615,3.0566697,3.0391786,2.9702363,2.9986768,3.5000007
4.022868,4.0087414,4.684764,3.8136694,3.9211922,3.9134662,3.5804646,4.2681537
4.3042927,4.368738,4.957384,4.458543,4.689143,4.6854544,4.123612,4.6539783
4.398,4.4123883,5.048445,4.613014,4.809132,4.854183,4.198477,4.695263
4.488887,4.4320593,5.0612845,4.594288,4.8648205,4.909435,4.1740174,4.6967683
3.4976323,3.610165,3.955573,3.2708201,3.4610617,3.4387646,3.218389,3.7049646
4.4096313,4.409135,5.0416083,4.5505223,4.7536044,4.784013,4.1088443,4.654697
4.2522297,4.305945,4.8697915,4.363102,4.5296874,4.523493,3.9889266,4.5715547
4.112932,4.121433,4.6694303,3.9529705,4.128459,4.072588,3.6618443,4.3790154
4.194965,4.21194,4.8040066,4.0418587,4.185885,4.1346836,3.7669985,4.396345
2.986843,3.0119839,3.4331045,2.5771625,2.8075383,2.7363248,2.7244284,3.046957
3.7569015,3.7886329,4.1863637,3.4601402,3.5946121,3.5222666,3.3350127,3.8409686
4.442393,4.3587008,4.944319,4.4073076,4.5120354,4.477552,3.936827,4.5629473
3.388311,3.463045,3.9137385,2.9921856,3.122629,3.0141485,2.9837608,3.5803242
4.0917106,4.10125,4.711336,3.8665392,4.038935,3.995036,3.6330316,4.374933
4.3994637,4.40841,5.0397105,4.3792095,4.5792685,4.564403,3.9726033,4.629774
3.8577883,3.876854,4.414297,3.5468636,3.7000723,3.6061826,3.4523857,4.052729
4.2948103,4.377173,4.915128,4.366837,4.5966463,4.641628,4.0758057,4.5736113
3.5071669,3.5465817,4.072879,3.1348035,3.2725537,3.2127185,3.1516428,3.6957738
4.257797,4.3742585,4.8520846,4.379417,4.5751486,4.585555,4.052765,4.5750027
3.0507586,3.1910706,3.4891665,2.739843,2.8998058,2.8033407,2.806762,3.190206
4.008747,3.9826903,4.4719434,3.7698617,3.97176,3.9160142,3.4991882,4.149068
3.6668124,3.7344904,4.133146,3.3273146,3.5227773,3.44494,3.2166295,3.8333178
4.2869487,4.3452964,4.8903637,4.1845174,4.464118,4.4584293,3.9307463,4.586672
3.6092124,3.5696084,4.010918,3.1119554,3.4460707,3.400752,3.19523,3.7691064
4.3559585,4.400225,4.9391246,4.466418,4.6561327,4.6931887,3.9631972,4.5878725
4.219093,4.262958,4.8291802,4.2055945,4.235678,4.36222,3.7739706,4.4284883
4.4778175,4.492347,5.163979,4.448387,4.744478,4.8415346,4.1056266,4.689874
3.2248921,3.2145672,3.6850064,2.791302,2.8986402,2.7932262,2.8569818,3.330876
4.2163877,4.29747,4.8787355,4.000506,4.2386136,4.1976113,3.8562996,4.481628
4.112912,4.2264276,4.6642203,3.9524274,4.2667522,4.2689204,3.7190516,4.430429
4.4325366,4.4170494,5.0983615,4.3828464,4.6159143,4.6294575,3.9972816,4.693017
4.4323006,4.433278,5.049267,4.3430552,4.5993505,4.6562195,4.013201,4.605646
4.4917383,4.477394,5.15848,4.6390357,4.888042,4.894744,4.141516,4.7067313
4.519111,4.4852414,5.1625457,4.550668,4.823618,4.8647447,4.1505876,4.7228174
4.44861,4.4491806,5.0665793,4.458834,4.708487,4.672692,4.081315,4.703978
4.39807,4.3699455,5.009035,4.3743663,4.591505,4.571642,3.9115036,4.622016
4.281291,4.2827044,4.897086,4.2185006,4.2383075,4.2549896,3.8418171,4.470128
4.2101274,4.245044,4.808542,4.195134,4.3522873,4.347066,3.835125,4.4982986
4.110607,4.214649,4.6506853,4.120338,4.16853,4.0994287,3.754216,4.3035774
4.529747,4.498241,5.066974,4.683834,4.772353,4.851837,4.1137533,4.645488
3.7622204,3.7850046,4.2957883,3.5136786,3.6246154,3.579654,3.3525977,3.9535425
3.678757,3.6121576,4.273178,3.3040137,3.4190137,3.3822594,3.2228966,3.8600464
4.4471545,4.5059056,5.0424104,4.64482,4.9082108,4.9742165,4.1609993,4.6748443
4.4139037,4.4487185,5.031169,4.5050364,4.785628,4.7644954,4.0785165,4.6776276
4.2441216,4.2691374,4.939947,4.150973,4.426219,4.4122562,3.8730526,4.570626
3.9861593,3.966363,4.5863166,3.8112397,3.88597,3.897602,3.555315,4.2204947
4.2054424,4.2474575,4.806766,4.137537,4.406641,4.4224167,3.8688986,4.479299
4.204004,4.061207,4.7088366,4.0494275,4.3470545,4.2441416,3.7455497,4.3462195
4.427586,4.3815494,4.979445,4.524646,4.731607,4.786329,4.1791964,4.740328
4.4024262,4.317422,4.8797655,4.4254904,4.623857,4.617049,4.067835,4.5894213
3.1928332,3.2011373,3.6534317,2.6233091,2.8413756,2.7634418,2.763496,3.2425027
4.029195,4.108759,4.445391,3.9852724,4.2439666,4.2277727,3.6947675,4.360396
3.5287883,3.5434196,4.0177774,3.1361287,3.4435997,3.3389325,3.1184347,3.7370799
3.3803012,3.4512079,3.827588,3.0196958,3.2172422,3.1764448,2.998356,3.5577672
3.8364336,3.8190522,4.260536,3.504453,3.8325598,3.748385,3.412726,4.0852704
3.5596685,3.5508878,4.072812,3.1807358,3.376718,3.3324208,3.1645439,3.7395997
3.3476067,3.4128766,3.8563333,3.0293343,3.2387161,3.1728513,3.033955,3.6077504
3.708421,3.7041726,4.275597,3.2992225,3.6137817,3.546456,3.3369865,3.9188657
3.8549585,3.8792193,4.497306,3.5400631,3.7870553,3.75118,3.504577,4.094677
3.3057206,3.3921182,3.802037,2.9458504,3.156151,3.069982,2.998669,3.490092
4.333753,4.305296,4.8976765,4.280182,4.501383,4.4862623,3.9100146,4.550544
4.184789,4.153924,4.7665896,3.953381,4.2076273,4.213674,3.747894,4.362925
4.363422,4.356055,5.0050225,4.410154,4.6226206,4.684028,3.9720902,4.5923133
3.947414,3.8966532,4.487224,3.7063622,3.854918,3.8434424,3.4659822,4.0791297
3.6212888,3.7289677,4.063523,3.339416,3.5677454,3.5123403,3.241841,3.957975
3.7210133,3.8700595,4.2182083,3.5858054,3.8185027,3.7769866,3.4674928,4.013872
2.712414,2.6470273,3.203094,2.1963358,2.4401925,2.3940263,2.3916361,2.6101835
3.9248385,3.9313953,4.3669753,3.6709785,3.8511837,3.7546957,3.5086465,4.140561
3.3905752,3.424335,3.804095,3.0551102,3.3369083,3.2269778,3.0384786,3.5079505
3.679226,3.588388,4.293667,3.1758406,3.4664125,3.3596575,3.2010574,3.7848313
3.578224,3.580008,4.1403246,3.0904772,3.3002467,3.2669153,3.1724756,3.665055
3.6350992,3.605561,4.137504,3.2722735,3.5512075,3.4644804,3.2332304,3.8212135
3.750232,3.7887542,4.202939,3.5640304,3.7544925,3.659086,3.3490136,3.9956288
3.4726853,3.5460057,3.8787534,3.1360648,3.3932462,3.2939885,3.1278255,3.7122636
4.0648065,4.0778484,4.6507196,3.8616307,4.214999,4.128017,3.7366428,4.2645288
4.2370715,4.2635345,4.883811,4.151961,4.412151,4.3987937,3.863506,4.6164665
2.2943535,2.2928228,2.8683777,1.9075063,2.0436144,2.0182638,2.0641937,2.197474
3.5936482,3.6626992,4.1443014,3.3627436,3.524348,3.4886491,3.2707748,3.7933254
3.8016798,3.7628412,4.3500004,3.4798574,3.68311,3.5741835,3.3666334,4.012563
4.519706,4.51249,5.1367764,4.540616,4.737246,4.865482,4.1677675,4.7372265
3.4143283,3.4520733,3.8826406,3.0291688,3.2959776,3.2075734,3.1204917,3.5345085
3.5882854,3.544868,4.2271276,3.1078706,3.3871403,3.3383212,3.1292255,3.72181
3.9179833,3.843518,4.455112,3.4748054,3.7701683,3.713084,3.4305685,4.011728
4.028505,4.166926,4.7397466,4.248759,4.5032277,4.470907,3.8173113,4.4342694
3.8069851,3.8449426,4.4303,3.6488395,3.8910532,3.8443189,3.4604087,4.11113
3.95264,4.0254393,4.4604287,3.8222015,4.1074495,4.1173434,3.611707,4.202573
3.796662,3.8100557,4.407389,3.4902568,3.7003255,3.69679,3.3661149,3.99412
3.6159184,3.616608,4.176728,3.3800256,3.53753,3.507504,3.2056158,3.7671802
3.4735558,3.5593576,3.9537015,3.2006474,3.4615402,3.3935204,3.1629143,3.7077756
3.0135615,3.0574415,3.4647748,2.4949982,2.6335483,2.565705,2.6316164,3.0863888
3.257399,3.3681948,3.6777496,2.9633284,3.185225,3.114908,3.0280294,3.4443395
4.039669,4.1111846,4.5181518,4.050541,4.3634295,4.282028,3.770842,4.358102
3.2066588,3.229048,3.6050887,2.91455,3.11831,3.050243,2.8904066,3.3269048
3.2297997,3.2507331,3.677861,2.7718313,2.9823737,2.9204476,2.8881338,3.339882
4.292825,4.3283396,4.8528275,4.228876,4.5018554,4.4317923,3.9234228,4.535475
4.096703,4.0859523,4.687437,4.0512347,4.3843474,4.273155,3.7966185,4.420799
3.5867264,3.669353,4.104587,3.2321234,3.3891861,3.3096502,3.1925776,3.722661
3.456427,3.4853864,3.8891537,3.0167537,3.2108963,3.0955317,3.0881276,3.5092912
3.4815874,3.5625718,3.9506028,3.1036203,3.318907,3.2523732,3.0940652,3.585502
3.8862646,3.9633596,4.3580065,3.7100005,3.8502572,3.7931173,3.545426,4.068009
3.3834298,3.355894,3.8917308,2.86019,3.0490813,2.98699,2.9328237,3.4400985
3.5876665,3.5754635,4.035792,3.128045,3.4298213,3.3598206,3.1868055,3.6645024
3.1163962,3.136748,3.5394154,2.663627,3.0050075,2.9367805,2.840887,3.2376704
3.4134178,3.373671,3.92717,2.975122,3.2282581,3.0849657,3.0175734,3.6024022
3.3624754,3.3730896,3.8095822,3.005531,3.323527,3.152326,3.0381544,3.509039
3.7246597,3.8248174,4.36712,3.3891478,3.6350617,3.6235778,3.3896546,3.866188
3.6373844,3.658314,4.1683903,3.196388,3.4609234,3.4040067,3.2008853,3.762933
3.4343102,3.4345057,3.9781308,3.0516038,3.2599022,3.212306,3.0359576,3.5423455
3.49881,3.5113826,4.0681367,3.1372905,3.3190453,3.2843432,3.1127815,3.6855118
3.4480176,3.4342163,3.903687,3.060318,3.2372947,3.1304424,3.051004,3.557203
3.2404644,3.2586827,3.7190766,2.6705222,2.934348,2.8861926,2.872792,3.2362957
3.2077355,3.2462049,3.5360103,2.808609,3.0397024,2.961907,2.947725,3.263707
4.1734896,4.237363,4.81636,4.139826,4.3065705,4.270402,3.8635364,4.4748235
3.6911778,3.7980459,4.2581854,3.4969869,3.7958963,3.6757598,3.4304016,3.9251673
3.7202165,3.7292216,4.1823144,3.3714254,3.5548112,3.5132453,3.3528235,3.926071
4.3017383,4.2322273,4.915287,4.2005596,4.415067,4.4238176,3.8442354,4.5653605
4.1291304,4.0657396,4.6193504,3.8544397,4.075973,4.0655627,3.71857,4.270794
2.1791887,2.2002044,2.5925226,1.895721,2.1217246,2.0715325,2.0714736,2.1879697
3.742023,3.7309947,4.1492977,3.3214624,3.5910373,3.5915477,3.3294146,3.9425576
4.4696383,4.405937,5.076856,4.4529724,4.664722,4.7396436,4.064191,4.674902
3.8631158,3.9078078,4.4273157,3.6373577,3.9273224,3.8002908,3.5105782,4.132755
3.744659,3.6717055,4.2785244,3.4720538,3.7465749,3.5969803,3.387414,3.9593487
3.5182464,3.6175692,4.0716605,3.3365996,3.612734,3.5523953,3.2602007,3.7698598
3.6053667,3.6935441,4.1911454,3.4507976,3.7334201,3.6790035,3.3301437,3.8679667
3.902556,3.9062076,4.515915,3.6782064,3.920464,3.8677037,3.5138662,4.188258
3.5668457,3.5971498,4.0335927,3.1806896,3.380284,3.3172076,3.1564593,3.766831
3.3794632,3.5445135,3.7437184,3.1276212,3.3962288,3.306983,3.1217008,3.6536682
3.2922373,3.2928152,3.793527,2.766124,2.9668887,2.870284,2.895364,3.4232833
4.312251,4.340973,4.9705706,4.355665,4.5063133,4.520051,3.8701293,4.5782137
3.4310656,3.423279,3.9464965,3.133386,3.3607717,3.280549,3.135486,3.6398172
4.3282757,4.322308,4.977395,4.3512073,4.5929494,4.652448,3.9898698,4.65439
3.5984344,3.6524367,4.1763525,3.2568336,3.493372,3.3797674,3.2215767,3.7814975
4.286432,4.2546663,4.957842,4.2655964,4.451175,4.411222,3.9429522,4.5611377
3.2120621,3.2564106,3.6437304,2.7143033,2.9635031,2.895669,2.9180803,3.293146
3.5967145,3.5983617,4.166017,3.3302102,3.50933,3.4976943,3.2436414,3.7544956
2.6610696,2.6306689,3.1507864,2.1948402,2.4325774,2.3560185,2.4204621,2.644142
4.1684628,4.219053,4.795005,4.1250515,4.459176,4.4204626,3.978289,4.416847
3.8911126,3.8992202,4.347665,3.707968,3.8475792,3.8023531,3.5425744,4.056758
2.0334063,2.0820463,2.4225128,1.7591506,1.9024793,1.860056,1.9070939,2.016634
3.4447877,3.4840777,3.848379,3.06001,3.2279422,3.1444778,3.0969756,3.545533
4.388919,4.359135,4.9036493,4.2452035,4.371371,4.320583,3.8473446,4.449209
3.3976173,3.4007478,3.775184,2.9685843,3.1361518,3.0575352,3.0025048,3.4322014
3.355333,3.318822,3.824205,2.9149241,3.215924,3.1610122,2.9984505,3.4690998
3.1255486,3.1412768,3.527307,2.6914499,2.9381697,2.9359128,2.828484,3.1151674
3.8136168,3.8148837,4.329206,3.4522712,3.7027483,3.6362028,3.3841546,3.9587216
3.3878338,3.3621411,3.84661,2.9790702,3.2226443,3.1488104,3.028096,3.5685291
4.378444,4.389526,4.9149337,4.379094,4.5458794,4.6367426,3.9618385,4.57141
3.6258514,3.7340698,4.094126,3.3330848,3.658391,3.5589979,3.269748,3.8702054
2.545214,2.530902,3.1023302,2.1383142,2.271057,2.260384,2.2464423,2.5171473
3.9681385,4.0977716,4.5465283,3.8715236,4.0516615,4.02609,3.6534655,4.340796
4.3356075,4.3041873,4.902157,4.3165383,4.518204,4.5297003,3.9345088,4.6453905
3.0071313,3.0238595,3.4080992,2.6700437,2.9138258,2.8264153,2.7455995,3.0740108
3.4032135,3.4266262,3.8579688,3.0198128,3.2329624,3.133571,3.014436,3.5445676
3.7001019,3.7410772,4.1503663,3.7900765,4.044359,4.013945,3.5604682,4.0861516
4.0707865,4.0864487,4.648021,3.9446397,4.126053,4.104988,3.7142806,4.3068523
4.0689263,4.072836,4.7151465,4.012151,4.2829385,4.2697816,3.725292,4.350381
4.4301047,4.4146714,4.9427686,4.636921,4.893249,4.9428926,4.084608,4.60909
4.434387,4.4064584,5.0232077,4.5248537,4.7228494,4.8297496,4.060366,4.655228
3.1929712,3.1608393,3.6271508,2.7173173,2.9764254,2.8719854,2.8761418,3.2357533
2.8728442,2.8649902,3.344256,2.455463,2.6467545,2.6109757,2.6015494,2.8242366
3.8968873,3.8821883,4.408132,3.5340624,3.8013802,3.7442322,3.4744542,4.03701
3.3125107,3.3346443,3.7923048,2.874985,3.1115582,3.0588956,2.9488328,3.4288757
4.356705,4.3850465,4.9982324,4.273585,4.5088277,4.542635,4.0028853,4.606574
3.186471,3.2201664,3.7102668,2.7859576,2.987055,2.9087439,2.877276,3.429107
3.2404613,3.2727177,3.6058261,2.864482,3.1385484,3.078649,2.9665506,3.4193053
4.3760724,4.3464537,5.0044656,4.279188,4.5489893,4.533813,3.939156,4.5997424
4.4385557,4.464916,5.0627713,4.490587,4.830105,4.852544,4.1761446,4.6768074
4.136528,4.1637983,4.702728,3.9629858,4.3018274,4.2557487,3.8285623,4.4010763
4.403892,4.435893,5.0692897,4.3270493,4.5641284,4.5465255,4.0609746,4.6463656
3.3248186,3.3356864,3.752871,2.887959,3.165352,3.0888147,3.0122607,3.4058995
3.9179382,3.8920536,4.553667,3.6145885,3.654917,3.6089623,3.4952276,4.146026
3.3714921,3.460825,3.8043523,3.0025747,3.2947328,3.2005098,3.1010056,3.566338
3.641619,3.6759694,4.16476,3.2053473,3.4732494,3.374802,3.2494268,3.8246312
3.730718,3.7936473,4.3592086,3.4948628,3.6678889,3.6111364,3.3617268,3.9726317
3.6214674,3.5864947,4.1807017,3.2497785,3.4849312,3.4402678,3.2109745,3.7950633
4.504731,4.5443416,5.0998635,4.5155635,4.841394,4.9556627,4.1909637,4.7000203
3.3651373,3.399252,3.716212,3.1232343,3.3915918,3.3770208,3.1087196,3.6873097
4.3218775,4.3105106,4.926192,4.203903,4.4801173,4.489897,3.9045537,4.613919
3.922366,3.913992,4.4933333,3.6517458,3.9189775,3.9414978,3.5412393,4.2225037
3.2493083,3.3406098,3.7058423,2.7777598,3.148833,3.0860126,2.9656923,3.4312289
4.495795,4.4865294,5.106823,4.450538,4.707462,4.7736297,4.073539,4.735728
3.077314,2.9712012,3.4674268,2.4495604,2.7268565,2.6760828,2.6347775,2.9772055
3.7021239,3.6279626,4.1758785,3.26481,3.5378754,3.4451582,3.327858,3.854594
4.3370523,4.3396077,4.7842307,4.195742,4.6207867,4.629694,4.0344086,4.4525456
2.732954,2.8527913,3.007403,2.4307811,2.6172843,2.5333862,2.523291,2.7457654
3.658534,3.766064,4.07154,3.579305,3.9016929,3.7396004,3.3911304,3.8282015
3.9955828,4.007545,4.488166,3.7976248,4.10012,4.0644345,3.721095,4.100538
4.520384,4.4357443,4.933336,4.5303125,4.9125433,5.009691,4.1019263,4.51972
3.7958615,3.803801,4.189211,3.546379,3.9065711,3.8153453,3.4322882,3.9144788
4.1079316,4.121744,4.498331,3.8396435,4.1819563,4.14525,3.668212,4.187916
4.1468186,4.0989504,4.5222774,3.881039,4.2248683,4.2516,3.7207143,4.1769385
1.2995493,1.6097982,1.3617522,1.5088502,1.7086961,1.6641738,1.4819002,1.581027
4.4771276,4.474818,4.9298787,4.3629093,4.7538695,4.7896705,4.1395955,4.5661445
4.040613,4.1236596,4.560961,3.89255,4.162689,4.100452,3.6311917,4.1895413
2.3693197,2.5732722,2.388753,2.3248656,2.5849888,2.5382798,2.3123653,2.5732234
3.1787698,3.1547024,3.6557875,2.7078028,2.9822311,2.9219904,2.8627908,3.2157426
4.351571,4.332984,4.817215,4.360217,4.7113137,4.6944127,4.044409,4.522685
4.590467,4.597638,4.9897118,4.6480684,4.9774666,5.088888,4.272631,4.5887303
3.3686109,3.3818102,3.9001346,3.087353,3.317322,3.2415953,3.0100276,3.464774
3.938153,3.945243,4.376102,3.7500997,4.043569,3.9236174,3.6006541,4.0003963
4.38439,4.4516954,4.8965845,4.318747,4.6979327,4.758946,4.102073,4.5099545
2.9527047,3.070128,3.4889517,2.6056614,2.8833842,2.8093758,2.7240002,3.0375123
3.2202146,3.265802,3.682872,2.7404735,3.0603683,2.9975111,2.9007776,3.2799065
3.879462,3.9918506,4.4119334,3.667462,3.9496922,3.8769948,3.537975,4.0023017
4.19314,4.163642,4.7544684,4.0253296,4.2865815,4.2398057,3.796203,4.285404
4.19932,4.1794596,4.633419,4.0120983,4.346894,4.3012633,3.7778575,4.2363086
3.1469893,3.263538,3.5083637,2.822731,3.1157255,3.046865,2.9138124,3.263236
3.4817305,3.6176412,4.0082765,3.1608455,3.4389298,3.4085824,3.185464,3.543304
4.204501,4.3218374,4.80816,4.1643696,4.393514,4.4242635,3.9112663,4.3803334
3.3150308,3.400537,3.7509432,2.8936388,3.2108412,3.1557608,3.0477087,3.3746464
3.776228,3.9670815,4.3291903,3.6544876,3.8337905,3.748118,3.5235786,3.9949524
4.075374,4.172596,4.652614,3.9424787,4.103507,4.054417,3.754758,4.2778487
4.4135365,4.5423784,5.02113,4.4342456,4.6865764,4.6899114,4.121805,4.5862894
4.3040156,4.3501873,4.6601453,4.246742,4.4794455,4.4344387,3.9450834,4.35615
4.165318,4.243855,4.554989,3.9726448,4.226015,4.178014,3.7862964,4.224715
3.59329,3.7090955,3.9881039,3.2972548,3.5599968,3.4661741,3.278496,3.6292744
3.5411036,3.6286473,3.7556338,3.387454,3.6634493,3.5317948,3.3344228,3.6285472
4.285528,4.360377,4.740075,4.1877203,4.4703774,4.4145064,3.856947,4.311866
4.322401,4.3946533,4.7896037,4.3250628,4.570644,4.5266066,3.8881416,4.3678746
3.4124131,3.4918704,3.7507293,3.1107507,3.3256557,3.2233999,3.1095326,3.4031749
3.721718,3.7398677,4.037245,3.3135703,3.6638296,3.5977376,3.3230956,3.6884544
2.5059292,2.5344217,2.8959193,2.1641893,2.452626,2.3947875,2.3811557,2.4560707
4.533407,4.5931487,4.9680443,4.5237594,4.7939725,4.8231125,4.125376,4.493218
3.2802677,3.4380307,3.5274599,3.0174544,3.291098,3.2100303,3.0731204,3.3254194
4.529319,4.50073,4.865762,4.405806,4.7297535,4.6671104,4.0638566,4.4696116
2.847427,2.9027987,3.1405044,2.5046585,2.767795,2.7030797,2.640353,2.8441515
3.5869985,3.5999527,4.01239,3.1508026,3.3694038,3.3154984,3.1893196,3.593859
4.1086345,4.190146,4.534206,4.059501,4.303666,4.2226763,3.771177,4.1917825
4.3211784,4.3212104,4.8154707,4.327302,4.518134,4.48036,3.9671192,4.366672
4.4931955,4.5227046,4.9565744,4.4768114,4.726099,4.662971,4.0722604,4.4448833
3.0375464,3.0875833,3.385873,2.623694,2.81446,2.7305794,2.7189162,2.9928598
4.4966507,4.466821,4.896427,4.4351926,4.6918645,4.657939,4.047458,4.504588
3.1550004,3.2003984,3.4420629,2.778801,3.0600429,2.9878917,2.8910391,3.1583989
4.3965335,4.448192,4.842135,4.331084,4.5578575,4.576275,3.938936,4.4475746
4.431197,4.4266353,4.804152,4.364764,4.661552,4.6148534,3.9669917,4.414151
4.5072393,4.5262933,4.8724713,4.4598274,4.7784505,4.716209,4.0264573,4.4944096
3.7490816,3.7837844,4.123981,3.405177,3.7084298,3.6480904,3.3305008,3.718275
3.5436292,3.5939903,3.7766137,3.1540077,3.4171388,3.3297172,3.1256554,3.5958574
4.261733,4.278878,4.6721253,4.191258,4.4965315,4.423471,3.9000266,4.3567433
3.8266997,3.9189065,4.0919785,3.6361039,4.0292645,3.9400275,3.425175,3.797857
4.1208577,4.131554,4.4045825,3.9004333,4.272755,4.2171016,3.6331315,4.0153613
3.488896,3.5561035,3.8168535,3.121766,3.3741448,3.2866738,3.071629,3.589786
3.2414048,3.277062,3.5517192,2.8319893,3.1428947,3.0526597,2.8933468,3.1694868
3.8604383,4.0213914,4.219031,3.8755705,4.0757446,3.9942212,3.5848355,3.96658
4.5048265,4.5069976,4.88993,4.521282,4.838934,4.8122077,4.0271587,4.3983035
3.2667046,3.3198552,3.5012903,2.9539855,3.219096,3.1118312,2.9275897,3.2953525
4.001588,4.0000014,4.3554416,3.7602599,3.9405608,3.842853,3.5485492,4.014466
3.265218,3.301866,3.648123,2.9527676,3.2507946,3.1767817,3.063252,3.3695955
3.3271887,3.3752012,3.676351,2.9118795,3.1985962,3.1742876,3.008699,3.3814757
3.6273978,3.635693,4.0324984,3.195012,3.461005,3.3820112,3.3077884,3.7435696
3.5228038,3.5241294,3.855875,3.1996193,3.5380943,3.4689906,3.2325406,3.6236584
3.4619277,3.4589782,3.8194225,3.041346,3.3790336,3.3539708,3.1019187,3.4932537
4.2657385,4.320794,4.7707896,4.1259427,4.337182,4.336557,3.8458035,4.3767395
2.4718628,2.481042,2.8561964,2.1260698,2.4000545,2.3495479,2.3214197,2.4104204
2.6358953,2.7197647,2.933042,2.321492,2.660254,2.5987995,2.511085,2.6243448
2.666493,2.8257487,2.9877608,2.5510347,2.8735514,2.8314824,2.6536193,2.8863437
2.8686924,2.9397674,3.364173,2.4201388,2.6548321,2.6176069,2.6188269,2.837199
3.3110194,3.4014368,3.8710403,2.951726,3.1702,3.0735726,3.0252569,3.4066417
4.48232,4.608367,4.91262,4.6086607,4.9436994,4.98657,4.3531218,4.5234294
4.2564898,4.382727,4.7155824,4.235378,4.61463,4.6343317,4.0945663,4.4813237
4.5190334,4.5951734,4.9295435,4.6283946,4.9637156,5.0741653,4.323101,4.530004
4.0282884,4.0562596,4.5316916,3.7044249,3.998119,3.9163678,3.6212401,4.0927
3.404674,3.4614153,3.858932,2.9603,3.2447803,3.1613255,3.0675771,3.4117646
4.2022724,4.286016,4.6845446,4.0187755,4.354089,4.3166857,3.7777212,4.2478685
3.700809,3.8027568,4.1275415,3.3755128,3.6435742,3.5672827,3.3538468,3.7798815
3.1721888,3.2569547,3.5619152,2.9782946,3.2788324,3.1843808,2.9989417,3.2649186
3.673733,3.7840083,4.128483,3.3751726,3.6447575,3.6079762,3.392852,3.7216403
4.2014575,4.2890644,4.724107,4.14958,4.45239,4.4449997,3.8751438,4.3212514
4.51896,4.611594,5.050959,4.611338,4.8168445,4.8165283,4.17602,4.587626
3.1476703,3.1993108,3.5380545,2.7278283,3.0294235,2.9715962,2.8454034,3.056717
3.301319,3.355761,3.78262,2.916247,3.1860256,3.1219504,3.0360363,3.3938966
3.1461484,3.170676,3.5525649,2.7336168,3.0630457,2.9820285,2.8845878,3.141869
3.4486358,3.5805264,3.8078086,3.1360283,3.374931,3.279775,3.1527693,3.526352
3.0153394,3.091152,3.4175088,2.563835,2.815324,2.744836,2.7251961,3.032669
4.367754,4.4212203,4.7441993,4.2707,4.520609,4.5018096,3.9485254,4.345532
4.5394597,4.5748434,4.9287753,4.587465,4.8296475,4.8552294,4.1356254,4.5001473
3.6085205,3.6155598,3.9759245,3.3823597,3.5837977,3.5284069,3.3269126,3.7161639
4.3311353,4.414332,4.7647,4.399138,4.660222,4.62179,4.10423,4.466901
3.745772,3.8240914,3.977405,3.537822,3.7814994,3.678263,3.3657334,3.765574
4.0930524,4.124404,4.4761405,3.945119,4.1426606,4.0523987,3.7243452,4.1138434
3.6343975,3.6646843,4.0427012,3.2097788,3.4574642,3.3905885,3.2528849,3.684779
3.0248573,3.0123758,3.4586937,2.5510368,2.832957,2.737203,2.7585714,3.0539713
4.5140843,4.509563,4.9110184,4.464485,4.737069,4.7265344,4.0775094,4.5225787
4.216712,4.271221,4.624916,4.113144,4.349867,4.2598305,3.7709181,4.2826777
3.4233663,3.4903557,3.7200847,3.0684326,3.2531452,3.1628122,3.0199015,3.353187
4.2337084,4.3063364,4.6852074,4.214263,4.507841,4.4125676,3.875033,4.310347
4.5781856,4.6123443,4.985932,4.747957,4.955497,5.0655236,4.2534776,4.592118
3.4716113,3.482109,3.8201907,3.0530713,3.2709053,3.1784868,3.096697,3.4913323
4.606792,4.584966,5.0119762,4.6680303,4.9326677,4.9824786,4.221604,4.515506
2.9519112,3.0448115,3.2620378,2.6399775,2.8615437,2.7892907,2.7605488,2.9480624
2.7308614,2.8304958,3.0743794,2.4055774,2.648992,2.5702908,2.555214,2.769605
3.230452,3.2660751,3.6133058,2.7976532,2.9951367,2.9293344,2.8644636,3.1982105
0.33301273,0.6365216,0.4526876,0.8981944,0.9463226,0.93053544,0.5297692,0.6768747
3.359326,3.480784,3.6726432,3.0347428,3.1675472,3.0631838,3.044262,3.4305534
4.4668016,4.5302615,4.9213,4.478423,4.7597475,4.722244,4.0956826,4.477406
2.9946928,3.075213,3.3859189,2.6113725,2.9194717,2.8087277,2.7687488,2.9928834
2.657297,2.7209148,3.0569973,2.2779758,2.5092278,2.432141,2.4473438,2.637232
4.241502,4.2619333,4.6519337,4.129935,4.387974,4.3368573,3.876554,4.3278394
4.4741964,4.456095,4.883663,4.5739884,4.8978305,4.883807,4.123634,4.4870806
3.2956069,3.4032516,3.6866786,3.0782487,3.2209065,3.171037,3.0194733,3.33862
3.4235532,3.391338,3.8641675,3.0047512,3.2889194,3.2129002,3.053183,3.4936497
3.0263925,3.0985618,3.3213832,2.7792737,3.0508943,2.936389,2.8266966,3.0513425
3.8979542,3.9385107,4.311277,3.745329,3.9243014,3.828748,3.5504377,3.970691
4.316559,4.3421364,4.89394,4.366301,4.592435,4.5559845,3.9673402,4.48469
4.028822,4.083843,4.497401,3.9705982,4.246395,4.214475,3.6773582,4.1180053
3.4392393,3.4767437,3.7167752,3.1203485,3.3647678,3.2677317,3.067801,3.4351501
3.3248,3.4127734,3.8087668,2.9634988,3.0821357,3.0114481,3.03124,3.4439862
4.0078297,4.1605177,4.539086,3.9749727,4.236605,4.166254,3.7841887,4.295713
4.343699,4.470009,4.9103236,4.3903637,4.6856527,4.6878705,4.0197453,4.5882907
3.6223176,3.725427,4.0841208,3.3276758,3.644713,3.569571,3.317076,3.7685747
3.293436,3.3669431,3.6810236,2.9685993,3.2032366,3.1528869,3.010525,3.4153552
3.4927974,3.577496,3.9976315,3.1014879,3.2802045,3.1847017,3.1367936,3.636644
4.37025,4.4546423,4.771243,4.285986,4.645748,4.6231837,3.9266243,4.4114504
3.5162628,3.6277027,4.000936,3.3413243,3.5114691,3.4928613,3.3262012,3.746205
3.0963228,3.1917193,3.4817195,2.7776277,3.045663,2.9299042,2.8677337,3.1725264
3.4484603,3.5086489,3.8370852,3.0188992,3.3516302,3.285868,3.0750532,3.4785316
4.165132,4.1739798,4.5232005,3.9006262,4.348877,4.3115396,3.7715616,4.1712613
4.282924,4.399244,4.722095,4.1557455,4.4905453,4.45107,3.9450598,4.3143077
3.2932663,3.4051487,3.6185088,2.929824,3.237798,3.1485207,2.9947665,3.357576
3.1811528,3.364519,3.6355875,2.9812112,3.2135117,3.12956,2.9985874,3.3099246
4.538628,4.551236,5.0049686,4.6988926,5.044329,5.0618663,4.2434254,4.5742054
4.434248,4.4525228,4.8581724,4.4299498,4.7025676,4.718978,4.065807,4.4693193
4.418889,4.480523,4.9294887,4.5384603,4.867542,4.882931,4.164972,4.4901094
3.9638395,3.9568505,4.3037243,3.6780124,3.9549325,3.887303,3.5450964,4.0012846
3.3751943,3.4551923,3.740265,3.0950735,3.4250562,3.3192258,3.1116948,3.3780506
4.062387,4.120502,4.5678782,3.9084654,4.214952,4.205195,3.7076514,4.144349
4.1156535,4.1701727,4.530783,3.9972625,4.317209,4.256362,3.7596643,4.1789174
4.133656,4.231996,4.608157,4.001919,4.251774,4.2508073,3.7614677,4.210576
4.429101,4.401422,4.8029375,4.315175,4.646537,4.6682267,4.0220203,4.4167666
4.144226,4.1943936,4.5771856,4.015111,4.315308,4.2964497,3.7743592,4.246316
4.2746897,4.306741,4.766869,4.220724,4.538812,4.514496,3.9131687,4.4048066
2.518842,2.5806675,3.0048296,2.13063,2.3783615,2.3245952,2.2978997,2.4736595
4.45259,4.496105,4.843531,4.4814296,4.7532816,4.754644,4.078621,4.4961066
3.0678487,3.1843493,3.6216748,2.7692232,3.0589228,3.005934,2.908211,3.1630106
3.8618078,4.0557413,4.4428806,3.7456286,3.951999,3.8752723,3.6118584,4.0885673
4.3915534,4.521961,4.991961,4.412765,4.6735883,4.6752996,4.109072,4.5559335
3.0421972,3.1970556,3.3877137,2.821294,3.1601696,3.094739,2.9131463,3.1617463
2.841043,2.9554007,3.3084807,2.4934003,2.773766,2.7362244,2.5956964,2.8747017
3.083467,3.2656693,3.546258,2.8773136,3.2179086,3.1497133,2.945475,3.2491248
3.1824782,3.3083525,3.620009,3.0466669,3.352596,3.2776563,3.0563884,3.3125715
3.9440389,4.13361,4.3888555,3.918254,4.3536954,4.3491545,3.7494693,4.094813
2.9171174,3.024095,3.3003874,2.5527391,2.9195054,2.8521338,2.7462878,3.0029082
2.3580296,2.4916422,2.7802007,2.2385247,2.4979663,2.4223385,2.3353946,2.458276
3.3987048,3.6023743,3.8007832,3.1737194,3.4673474,3.4210222,3.1942368,3.4973946
3.693212,3.721639,4.0739374,3.3460445,3.7017887,3.6339188,3.313528,3.638742
4.4797626,4.4465528,4.771546,4.3376145,4.74537,4.7750196,4.046569,4.454183
3.9150338,3.9450321,4.1909866,3.6452577,4.0594635,3.998801,3.5101674,3.9647584
2.6042175,2.5701008,3.0965376,2.0979493,2.3004572,2.225255,2.3028224,2.5110216
3.5214112,3.576948,3.9505918,3.095591,3.3689377,3.3184767,3.1120744,3.5063062
3.5638473,3.549173,3.8366852,3.1958148,3.456138,3.328814,3.1460366,3.4635868
2.6319132,2.6374166,3.1034658,2.179298,2.4311745,2.3520045,2.3666081,2.596853
3.377465,3.4315119,3.7337673,3.0618894,3.2691708,3.20257,3.0471926,3.4021788
2.9969597,3.0659535,3.2721686,2.746984,3.0131853,2.9248505,2.7906926,2.9820771
3.6890857,3.7331471,4.1033015,3.431221,3.700965,3.6425345,3.3506777,3.7691944
3.1197085,3.2200596,3.4912815,2.8816397,3.1754477,3.1402152,2.9042795,3.1720424
4.49104,4.4484234,4.9460344,4.4460726,4.7794523,4.7339196,4.070618,4.4971867
3.3080606,3.3028743,3.687944,2.9561565,3.2156045,3.160812,2.985012,3.3391256
4.178968,4.2313867,4.6915097,4.2001333,4.4474225,4.436551,3.9468393,4.283549
4.2933207,4.2163353,4.7235055,4.155577,4.4419417,4.430642,3.8579335,4.256139
3.6263454,3.7196212,4.090189,3.453334,3.7224376,3.6573496,3.3648589,3.71315
2.9842153,3.0801165,3.3690608,2.7165956,2.9917977,2.9145696,2.795377,3.0161006
4.1462016,4.2471213,4.65315,4.1955914,4.480747,4.4395447,3.9497778,4.273385
3.6888008,3.736309,4.1067133,3.3162365,3.7293077,3.637978,3.2437637,3.7941418
4.2029557,4.3140287,4.724151,4.0177255,4.3486443,4.3491035,3.8249092,4.330015
4.389892,4.45736,4.8566256,4.283891,4.670391,4.6958804,3.9856129,4.4302945
3.531319,3.58642,3.9329956,3.146158,3.475407,3.3919294,3.2298112,3.5758777
3.4004807,3.4719517,3.929015,3.172912,3.4479735,3.3531704,3.132334,3.5680008
3.3247414,3.3155017,3.8025537,2.9286861,3.2165387,3.126022,2.9464371,3.3548324
4.508774,4.474222,4.9495883,4.350007,4.6925573,4.7622986,4.037043,4.508894
4.4314604,4.4302335,4.881252,4.264812,4.6718593,4.66835,3.964612,4.415852
4.602731,4.624771,5.078136,4.606881,4.9624863,5.0643516,4.2649035,4.6479864
4.4510045,4.438265,4.838055,4.273038,4.6146326,4.678401,4.027498,4.4871116
3.955243,3.9260159,4.5077977,3.771018,4.0553327,4.0004716,3.5892186,4.088125
4.2015777,4.1918907,4.7026377,3.9779906,4.3787704,4.3255434,3.764615,4.3448315
4.086984,4.070339,4.5232344,3.8214629,4.1610756,4.094464,3.677314,4.1528983
3.4702451,3.4715457,3.9172823,3.1288106,3.397225,3.342259,3.1139102,3.4924035
3.7999709,3.8334978,4.1951976,3.5093672,3.8791497,3.8401856,3.5025542,3.9009364
3.4166455,3.404066,3.8164942,3.0409696,3.3782034,3.301007,3.0048444,3.4690137
3.7283926,3.7361078,4.1221075,3.3618128,3.7311857,3.689007,3.3298526,3.7733538
2.722887,2.790518,3.1253724,2.3451624,2.6663964,2.6196961,2.5385926,2.7625866
3.3130577,3.3807209,3.718117,3.0312352,3.3483067,3.2768104,3.0620487,3.4375036
4.1832137,4.287696,4.7456865,4.3366113,4.495472,4.4332385,3.9711301,4.4067607
3.08222,3.1742747,3.4426754,2.9229226,3.1438804,3.0661998,2.8918858,3.177109
2.2118468,2.2039824,2.7830637,1.8793601,2.009584,1.947447,2.0725453,2.16599
2.914103,2.925219,3.2870798,2.5169983,2.8350282,2.751162,2.7582054,2.9347475
4.1179857,4.15703,4.5796456,3.8096826,4.1674104,4.1540275,3.7491024,4.178909
2.7338374,2.7706475,3.0153847,2.3941512,2.7660577,2.641603,2.640673,2.7705734
4.3013315,4.350921,4.776855,4.171764,4.562767,4.502811,4.028124,4.3502035
2.9517922,2.9635267,3.3673856,2.4546428,2.803818,2.7097664,2.7006478,2.9124544
4.2296424,4.280936,4.6266475,3.9871411,4.4333115,4.3612466,3.9012895,4.2965426
3.2949505,3.3192422,3.695112,2.8786232,3.1519935,3.0410028,2.997203,3.3261557
4.292007,4.3684053,4.838975,4.0732174,4.5688667,4.5791206,4.004466,4.3567185
3.211927,3.2452202,3.4649835,2.8365035,3.1477277,3.0589318,2.9614663,3.2993095
4.2447095,4.246122,4.7230744,4.057696,4.4585032,4.3859544,3.8871741,4.3631396
4.3354645,4.3357477,4.8648105,4.1579933,4.515688,4.5068445,3.9336889,4.3875003
3.0199726,3.020265,3.5665622,2.598975,2.8789558,2.8079815,2.749574,3.0543814
2.8247375,2.8733904,3.2112963,2.4002624,2.6942809,2.6436276,2.6172514,2.8440218
3.3645544,3.39407,3.734865,2.9029813,3.26145,3.1688018,3.0499713,3.3854764
3.2782686,3.390874,3.6580172,2.872069,3.2180352,3.191237,3.0232606,3.3386252
3.251388,3.3613954,3.6038563,2.8469808,3.2218988,3.162514,3.0218787,3.315808
2.546935,2.5557077,2.9872108,2.0882967,2.3867586,2.37026,2.3166008,2.4233828
3.5118065,3.5937703,3.974947,3.1177723,3.4319584,3.3712494,3.1777825,3.5713625
3.4413943,3.488743,3.9261978,3.0460258,3.3291523,3.2820926,3.0892835,3.5227141
4.3438573,4.339787,4.893017,4.311854,4.5737543,4.5904245,3.862398,4.414829
4.6107416,4.608843,5.063291,4.6447787,4.990289,5.1150165,4.2341657,4.5497127
4.6009493,4.584457,5.0403624,4.6379232,4.9662414,5.12131,4.2377625,4.5452495
4.230669,4.269592,4.7345943,3.9863172,4.42029,4.4010687,3.8424268,4.325282
3.2120218,3.2416553,3.644991,2.7884157,3.118656,3.0488274,2.938646,3.2647393
2.862548,2.9167857,3.2272117,2.572707,3.0097308,2.9541976,2.7269917,2.910403
2.8340886,2.9052286,3.1797519,2.4833245,2.8239572,2.7817292,2.6830106,2.860147
2.551461,2.722443,2.8195047,2.3672442,2.7002583,2.614736,2.4959857,2.6007638
3.5257308,3.5321314,3.8661568,3.131887,3.4464693,3.3702748,3.169189,3.6036434
4.2643814,4.239868,4.6440396,4.08404,4.4338436,4.4798594,3.86053,4.349619
3.3648512,3.4573789,3.7575972,3.0313494,3.3717027,3.2864285,3.111923,3.3974988
3.2306013,3.2362573,3.6425347,2.7915664,3.0428953,3.00987,2.907885,3.2016513
3.3079188,3.319635,3.7642798,2.834939,3.2270374,3.1566508,3.0181408,3.2688525
4.446319,4.5028887,4.9626026,4.3161793,4.766115,4.8003583,4.113946,4.4594707
3.9046965,4.0109234,4.40733,3.613472,3.8668194,3.8037214,3.4739351,4.013741
0.42104185,0.7779583,0.5682663,0.9755979,1.0928423,1.0558921,0.69670624,0.8004745
3.3411136,3.4055083,3.719996,3.0052514,3.3890076,3.2970366,3.0768447,3.3940263
3.4666686,3.5489705,3.9296095,3.0744228,3.3174727,3.2414494,3.1153076,3.540696
4.5451117,4.5399246,4.9997106,4.4382024,4.8270564,4.885998,4.1381407,4.5869794
3.8802872,3.95102,4.256808,3.617215,4.021445,3.906335,3.5761924,4.0193
2.5436153,2.5405285,2.9000561,2.1358137,2.4031057,2.323674,2.358839,2.493465
2.8584614,2.9610062,3.211576,2.5525012,2.9277012,2.8218765,2.688303,2.938362
1.8868724,1.8150543,2.5499454,1.5657445,1.6674079,1.6423806,1.7751822,1.8327662
3.1817257,3.241862,3.6032043,2.8777554,3.2871876,3.1674407,2.9493136,3.2649124
3.0548406,3.1312613,3.3997684,2.6210053,3.0048451,2.9282477,2.854597,3.033362
3.7756555,3.8072207,4.220186,3.4771795,3.8290198,3.7607772,3.4364624,3.9079883
3.4907162,3.504962,3.92996,3.1108048,3.4415982,3.3621163,3.1830091,3.6077597
4.2349095,4.2868967,4.730086,4.0565376,4.424699,4.3783913,3.851297,4.325268
3.1240687,3.1642962,3.5677369,2.6747148,2.9704297,2.9149902,2.8489568,3.1016269
2.5327876,2.4523733,3.0436513,2.0468972,2.2324848,2.2544668,2.245503,2.387011
3.3675106,3.3917189,3.7370548,2.9631598,3.162238,3.0944345,3.081539,3.3855567
4.5741663,4.570755,5.045388,4.551657,4.9088907,4.9989653,4.204251,4.6532373
4.4819717,4.4732924,4.9963436,4.2628155,4.610698,4.632899,4.061354,4.4786
3.4566448,3.5670695,3.9667444,3.0997002,3.3891337,3.3635733,3.1903434,3.5669236
3.0042453,3.0276964,3.5008445,2.5208597,2.7962909,2.7279723,2.6876109,3.048481
4.3788023,4.4034495,4.814469,4.181147,4.5485673,4.585161,3.9696867,4.395176
2.248028,2.2587664,2.8141236,1.848866,1.9925095,1.9818919,2.066939,2.1699443
2.7323887,2.751034,3.287544,2.2938852,2.4752464,2.4725847,2.4652314,2.7329855
3.1522317,3.2787912,3.7304761,3.001291,3.2336175,3.1641788,3.0158606,3.360646
3.905754,4.0051436,4.5039525,3.7577481,4.083259,4.033712,3.6143115,4.1110578
4.4027114,4.4327207,4.886987,4.450887,4.714832,4.797236,3.9999356,4.4424815
4.1874566,4.1332335,4.6101503,4.0531826,4.4172144,4.356353,3.7163563,4.2036214
4.045772,4.0991354,4.545554,3.8507025,4.2839174,4.2991376,3.7834065,4.1986523
4.247687,4.280373,4.7493443,4.1394296,4.5370984,4.534414,3.889826,4.3942137
2.834155,2.801681,3.2218351,2.3165462,2.633125,2.5751731,2.5353537,2.7242172
2.9853086,3.017845,3.366145,2.566311,2.8636239,2.794324,2.716245,2.944039
4.411417,4.4609714,4.9302144,4.2894287,4.715402,4.7360907,4.070898,4.532302
3.8906438,3.9339757,4.378834,3.4316244,3.831154,3.827134,3.4799874,4.004918
3.8849885,3.8671823,4.32707,3.5989363,3.999303,3.930801,3.5604491,3.946782
3.5632913,3.624693,3.9580922,3.3069592,3.659191,3.5975044,3.3222253,3.6667364
3.9883378,4.021549,4.38544,3.8093743,4.1189327,4.0149817,3.6284308,4.1208553
2.9725683,3.0751834,3.3555753,2.819352,3.1622353,3.0645463,2.8368042,3.1244872
3.573545,3.5639246,4.0303907,3.2156441,3.4373891,3.3761282,3.1932898,3.629734
2.7096894,2.833422,3.1205983,2.4536798,2.8020244,2.7376528,2.6369927,2.752281
3.9984763,4.041411,4.422217,3.7721488,4.150535,4.088053,3.6237495,4.0782657
4.2158046,4.2735014,4.638611,4.145559,4.5783796,4.5558605,3.9363384,4.362982
3.52334,3.552,3.8628948,3.1685686,3.502725,3.4074068,3.2450058,3.5705028
3.5382915,3.6179183,3.9043884,3.2325437,3.668044,3.5968246,3.2692142,3.6860619
3.0072608,3.122343,3.283344,2.8565052,3.1742034,3.087634,2.8970132,3.1212149
3.2126036,3.224041,3.5705967,2.839318,3.167468,3.069688,2.905891,3.2679415
2.93283,3.0620914,3.2337847,2.7097712,3.0142095,2.917103,2.781262,3.0304925
3.4149656,3.4126139,3.7512033,2.9585397,3.2083528,3.1327982,3.0485325,3.453671
3.5444474,3.6119456,3.9319806,3.2770596,3.6188838,3.5408065,3.282836,3.5716753
3.657233,3.7622826,4.119166,3.2678633,3.5742092,3.5009127,3.2993057,3.7015495
2.8934324,2.9436817,3.269101,2.4574785,2.7752452,2.6905599,2.6925573,2.8811343
2.832533,2.872281,3.30065,2.3269744,2.5026019,2.4460495,2.5188618,2.811641
3.319291,3.4558778,3.733618,2.990987,3.3421757,3.249928,3.0527313,3.3807983
3.3022125,3.3966374,3.724485,3.0315626,3.3451602,3.2685478,3.09138,3.4650073
2.8907,3.003388,3.245673,2.5424206,2.8688648,2.812579,2.7213101,2.984053
4.3559804,4.3652997,4.772373,4.2379804,4.651019,4.6413064,4.0407143,4.520273
3.5303974,3.6229007,3.8767216,3.197183,3.5970073,3.5076787,3.23262,3.7596762
3.600361,3.6488464,4.04387,3.298664,3.6465454,3.590343,3.322021,3.6463628
2.580396,2.610492,2.9888253,2.126237,2.4298308,2.3833725,2.3467999,2.5221229
3.7032259,3.6541457,4.1449656,3.289427,3.7090175,3.621194,3.290978,3.762511
3.5915442,3.6868749,3.9901671,3.2928019,3.6728394,3.5954344,3.305536,3.7395663
3.4101164,3.416689,3.8817039,2.9633176,3.325495,3.2707705,3.0382519,3.510655
3.350552,3.397331,3.738567,2.9811869,3.3247354,3.2419398,3.0708246,3.4217005
2.7118092,2.7706492,3.1917615,2.2933679,2.5725694,2.5157108,2.483313,2.7055624
2.4390776,2.527062,2.8270595,2.1503918,2.444282,2.337615,2.3639414,2.3880594
3.2696652,3.384375,3.6452756,2.880182,3.2357101,3.1079993,3.0140316,3.3799324
4.4467826,4.4983687,4.8830957,4.3971033,4.7960134,4.7979617,4.071325,4.5276155
3.781897,3.79747,4.335343,3.5715096,3.7240598,3.7323287,3.2799587,3.9458835
3.8007112,3.8461337,4.2568946,3.4441633,3.8097172,3.690643,3.4031866,3.9618921
4.316799,4.3608394,4.8235445,4.310165,4.671034,4.7084136,4.023645,4.521355
3.4400485,3.5451381,3.895426,3.1421204,3.520899,3.4369075,3.186562,3.5641246
3.5449548,3.5411344,4.0106106,3.254573,3.6173465,3.5604875,3.1897898,3.6103213
3.283388,3.3044465,3.6722543,2.872747,3.2528675,3.2033582,2.997561,3.361688
3.036114,3.076238,3.4588923,2.6418304,2.9813433,2.9287376,2.801359,3.1223717
3.8755722,3.8960304,4.2084703,3.5674925,3.9628084,3.9565215,3.492325,3.9632988
4.25834,4.300857,4.6970396,4.228426,4.6089816,4.5594034,3.9257312,4.3524127
2.1563756,2.319985,2.6250095,1.9474038,2.196462,2.1531322,2.1731963,2.289302
4.0028963,3.9856932,4.409145,3.7502046,4.10004,4.0214343,3.6210847,4.1042233
2.7957578,2.8938243,3.2071855,2.399814,2.7117555,2.656574,2.587142,2.8696077
4.4476085,4.552504,4.96835,4.745384,4.9860964,5.028825,4.266191,4.5625606
4.0961566,4.0943317,4.5798283,4.2336297,4.3026376,4.335747,3.7425506,4.2320585
3.319639,3.8261077,4.00003,3.8566673,3.8660064,3.8608148,3.4974582,3.8649423
4.1945267,4.25567,4.6727433,4.2151694,4.3702536,4.391527,3.8283927,4.276683
4.182528,4.3241396,4.682254,4.2989726,4.473424,4.483262,3.9883869,4.3616257
3.4076722,3.5201998,3.8133786,3.1273892,3.467243,3.4259837,3.1161032,3.4623349
4.4265122,4.5315733,4.816538,4.497214,4.872375,4.951733,4.1527567,4.5343757
3.694406,3.8301103,4.0530334,3.5099049,3.6715035,3.5984414,3.3403807,3.7883892
3.1857224,3.3341777,3.4894998,3.0278635,3.3451192,3.2414289,2.9683392,3.4513905
3.3259664,3.3306065,3.7117665,2.9880195,3.1558974,3.1455514,2.9281626,3.4459379
3.6115794,3.5975769,3.967616,3.3339922,3.6224723,3.6053145,3.257342,3.7228315
3.4180644,3.4116352,3.7694972,2.99108,3.2542558,3.1650681,3.050971,3.4883342
4.3358974,4.406238,4.750186,4.374759,4.713711,4.772414,4.0209775,4.523885
2.9213374,2.9021766,3.3334856,2.4450617,2.7351797,2.679833,2.6552608,2.9461517
2.6898713,2.788398,3.0359786,2.3641634,2.6160617,2.5578537,2.4775922,2.7168612
4.3196974,4.300852,4.708049,4.317822,4.60902,4.723882,3.888373,4.400543
3.649229,3.6193717,4.1333785,3.2518399,3.51073,3.458093,3.2744224,3.6943178
3.2878554,3.341802,3.6723402,2.937274,3.2753336,3.229539,3.0349455,3.3740957
3.636578,3.61976,3.9684625,3.2049947,3.5760133,3.4975185,3.2304032,3.6556478
4.2010593,4.194706,4.5818114,4.082877,4.529536,4.4866138,3.7999897,4.25401
2.4292626,2.543484,2.7694464,2.2048385,2.5414987,2.427597,2.3960989,2.4394345
3.3882184,3.387946,3.77491,2.9543493,3.3052835,3.2185056,2.968599,3.3983738
3.6731608,3.6842911,4.059393,3.3846548,3.7204251,3.6800244,3.3213346,3.7485857
3.5774739,3.6828105,3.9782662,3.568162,3.8812277,3.7633307,3.3406718,3.8129358
3.188325,3.2699575,3.56546,3.0035417,3.3723857,3.2515862,3.0263844,3.3562825
3.690289,3.7137468,3.9461668,3.3796055,3.7529972,3.674146,3.3129544,3.7347383
3.1776514,3.253367,3.4642358,2.8826628,3.082435,3.0227435,2.982151,3.1913805
3.262611,3.4095178,3.7012458,3.079129,3.2751591,3.210496,3.0493388,3.3674254
3.2122319,3.3138669,3.5325086,2.9387023,3.1125517,3.0588353,3.0115297,3.2234664
3.0083072,3.1662526,3.4252107,2.6972842,2.962971,2.9317958,2.8229263,3.0904212
3.4604824,3.5415695,3.8890452,3.220878,3.5783188,3.504504,3.225839,3.5696933
3.271782,3.3490396,3.6903179,2.9855316,3.357562,3.2776973,2.9787931,3.3102212
3.5999825,3.5963466,4.048194,3.1635003,3.5946472,3.495595,3.2866929,3.660832
4.293494,4.3400207,4.8243823,4.2136984,4.698074,4.695834,4.014734,4.4610643
4.000437,4.0623817,4.390378,3.7640429,4.183032,4.0959053,3.642892,4.0806036
3.3240469,3.314623,3.8156197,2.9255428,3.3497338,3.2349942,2.9727964,3.3548768
3.0716696,3.1102319,3.522498,2.6594627,3.0355506,2.970239,2.8119562,3.1178079
2.8198743,2.9009783,3.2194066,2.5249944,2.9611006,2.7691696,2.673351,2.8444822
3.9571412,3.9713664,4.3994946,3.7765756,4.17098,4.06972,3.58087,4.0564427
2.4658494,2.6469707,2.728449,2.3256166,2.7207577,2.6382623,2.4575877,2.5979924
3.9660444,4.013862,4.418705,3.7863052,4.2123466,4.174521,3.6851022,4.120087
3.126651,3.1587298,3.5644872,2.7048082,3.0780697,3.031768,2.8552356,3.192521
3.48098,3.6188848,3.8641608,3.3131804,3.5954952,3.532553,3.2614832,3.638665
3.3727536,3.4396195,3.7580476,3.0629094,3.3928978,3.3121026,3.1410885,3.4816074
2.8271842,2.9047859,3.1774974,2.4607794,2.8339314,2.751962,2.6846278,2.847924
3.3947392,3.522478,3.7851462,3.0992107,3.450727,3.3298707,3.185494,3.5796669
3.9028225,3.964953,4.284932,3.7184372,4.163012,4.102386,3.6411111,4.1010294
3.2889018,3.4765348,3.6661634,3.0264773,3.447374,3.3356006,3.1042929,3.39527
2.2286432,2.2746003,2.6790543,1.9106015,2.1909251,2.1288333,2.1567564,2.2225683
3.6478722,3.701639,3.985694,3.3139486,3.6684482,3.5786328,3.2807205,3.7174258
4.1654873,4.191107,4.6572413,4.0851345,4.4097238,4.33605,3.7864244,4.304315
3.41945,3.485914,3.8626041,3.1260166,3.4287395,3.3130348,3.175734,3.5442412
3.211172,3.2720752,3.5384145,2.8914769,3.2753403,3.164968,3.0093837,3.3728957
3.5131032,3.5626457,3.9376311,3.2546062,3.656231,3.5572786,3.2376282,3.6628275
3.7522233,3.8292093,4.168294,3.4070835,3.7885456,3.7374978,3.4337606,3.917316
3.356076,3.362894,3.857192,2.9713402,3.3501332,3.2086883,3.0779786,3.4693723
4.5025067,4.534582,4.951269,4.502373,4.8901424,4.9379625,4.136435,4.603095
3.4458823,3.5098646,3.8005083,3.114805,3.4408422,3.348114,3.2261114,3.515296
4.0912137,4.1299167,4.6121073,3.8704724,4.2904286,4.158253,3.7462292,4.2772417
3.6344774,3.699378,4.03944,3.3726528,3.8098807,3.686392,3.3463736,3.775613
3.5484626,3.635835,3.9653478,3.229403,3.5217876,3.4726715,3.2200153,3.728654
3.4405828,3.4720988,3.78855,3.1320612,3.5501125,3.4553416,3.1888416,3.549285
2.6374938,2.7581882,2.9386415,2.3222404,2.6106455,2.5179741,2.5057778,2.6709504
3.1657495,3.2113426,3.5968473,2.7473848,3.107225,3.062013,2.9148078,3.1497827
2.6823225,2.8531957,2.9225428,2.5134892,2.8044758,2.6883783,2.5683835,2.8226182
3.2357385,3.2848861,3.7029724,2.899549,3.1876657,3.1557393,2.976935,3.2792528
3.063842,3.2430522,3.5657544,2.9431746,3.3258507,3.2221234,3.0143936,3.3763485
3.3174102,3.3845265,3.7154334,2.9144387,3.2397451,3.1836479,3.0052185,3.442991
4.267363,4.1759324,4.6900625,4.202867,4.5519156,4.486335,3.8872323,4.378249
4.0290194,4.068869,4.5402007,3.7739835,4.078788,4.025215,3.6486425,4.1125045
3.938105,3.9547532,4.3003874,3.7651577,4.07699,4.011061,3.6955032,4.026515
3.2729719,3.2994688,3.713752,3.0773227,3.3536663,3.2543266,3.0353281,3.3908303
3.2754636,3.3999612,3.649081,2.9852638,3.3363822,3.2095182,3.0747516,3.3423772
4.3991494,4.4274096,4.813288,4.2750278,4.7207885,4.7382283,4.0456777,4.4350734
2.4523695,2.5944304,2.7842398,2.2103703,2.475906,2.3834062,2.4107406,2.5763311
4.116559,4.1922507,4.6020637,4.0574203,4.457137,4.4467425,3.805919,4.354147
4.505623,4.4617424,4.9729605,4.46883,4.882074,4.966962,4.214675,4.606053
3.0009568,3.0968,3.511871,2.8057482,3.1149948,2.9958606,2.8852413,3.1791544
2.9172175,2.94713,3.3750045,2.6134577,2.8978717,2.8227305,2.7754304,2.977468
2.9470162,2.9664981,3.3412023,2.5574684,2.872379,2.8332899,2.6971657,2.95698
3.477515,3.484674,3.8551111,3.2005453,3.5203595,3.4543252,3.213945,3.5729847
4.141195,4.163395,4.4544625,4.016611,4.417979,4.3994226,3.845205,4.2358217
2.6550324,2.7736495,2.995965,2.3966517,2.676895,2.6065805,2.5576792,2.7733693
2.5347571,2.6016645,2.8687804,2.277771,2.6234443,2.5418522,2.4870238,2.5985234
3.701311,3.7618062,4.1273,3.4768682,3.8363595,3.8094156,3.4129853,3.8518214
2.992573,2.9581044,3.3912663,2.6734545,3.0039551,2.9629276,2.7504768,3.0014777
3.59891,3.7077694,4.0387306,3.3276472,3.6413276,3.5319085,3.3131452,3.7522502
2.583422,2.6076117,3.0069182,2.2284229,2.4503448,2.4346395,2.3929734,2.544895
4.4031243,4.449554,4.8882713,4.3483734,4.6520686,4.686889,4.0287395,4.454346
3.146533,3.193173,3.3772528,2.9200335,3.2696757,3.191268,2.94714,3.3085635
3.356464,3.372132,3.6784875,2.9365,3.2726908,3.2167728,3.0845647,3.3465338
4.209191,4.2582154,4.6788864,3.9961653,4.3880634,4.3810124,3.8124595,4.319343
4.060996,4.0914297,4.565477,3.8324835,4.1373267,4.147361,3.6225624,4.213016
2.9474564,3.040991,3.3718312,2.6248941,2.9882903,2.8960888,2.799007,3.0621686
4.0119843,4.014226,4.4573627,3.6086874,3.9629502,3.9564009,3.6008575,4.0518975
3.637473,3.6883826,4.0584226,3.1893482,3.5049007,3.4538121,3.2980552,3.8128412
2.738579,2.827761,3.1727712,2.3595903,2.6880014,2.6396081,2.6164649,2.8059962
3.1112225,3.1361105,3.4663699,2.6876,3.079946,2.965386,2.8958588,3.0801506
3.335081,3.3488057,3.6487021,2.9850924,3.3569024,3.3081684,3.100428,3.3947508
4.0293875,4.066665,4.321538,3.8820233,4.3229537,4.2293954,3.724703,4.1261873
2.570956,2.8081932,2.7724771,2.5018113,2.8031821,2.7142417,2.6196463,2.8145833
2.83601,2.9812598,3.2811222,2.652213,3.0537496,2.9784071,2.769929,2.9226303
3.8706212,3.887507,4.3990593,3.6888638,3.9358628,3.9049575,3.56151,4.0226927
3.57211,3.6305628,3.948951,3.2006404,3.648844,3.5832207,3.2685976,3.6290727
4.1538987,4.188174,4.595179,3.9199233,4.397111,4.367467,3.7905042,4.1936603
3.2858024,3.3865016,3.6495817,2.9439056,3.2811215,3.168253,3.0207064,3.3773298
3.9398873,4.00724,4.361944,3.6592467,4.0848303,4.0793324,3.5693026,4.031147
3.3217735,3.4097705,3.7818546,3.0184903,3.3592725,3.2678318,3.0953083,3.4450972
4.36118,4.3787403,4.8334093,4.341017,4.746059,4.737481,4.1184626,4.473412
3.261212,3.3387916,3.7098598,2.8783987,3.269963,3.178973,2.9814956,3.377022
4.3747153,4.3963065,4.8520303,4.4752235,4.7350397,4.8003464,3.973348,4.464759
4.265313,4.3282275,4.7281613,4.0806994,4.4944644,4.4943366,3.852634,4.357612
2.967251,3.144785,3.253478,2.7873409,3.072311,3.0036094,2.7564783,3.125029
3.1097863,3.172654,3.4979606,2.67166,3.0030742,2.9482024,2.8300083,3.2151837
3.1643918,3.1285377,3.5900702,2.7307715,3.1120887,3.0485694,2.8636448,3.2387311
3.763217,3.8004982,4.111402,3.3652167,3.7914917,3.6837327,3.431089,3.8645194
3.2908068,3.3027554,3.5536566,2.9142542,3.3125582,3.2518249,3.0387673,3.4243934
3.250428,3.321287,3.6669033,2.8296933,3.1963947,3.1191266,2.924257,3.326294
3.6613326,3.6915848,4.1418076,3.2195327,3.594897,3.5258384,3.3106096,3.7810786
4.2846284,4.376279,4.756152,4.2435365,4.5545793,4.591793,3.926916,4.4518013
2.2200747,2.360666,2.5841184,2.0145729,2.2618692,2.1889184,2.1739662,2.284916
4.1344285,4.231086,4.6296806,3.979485,4.2880425,4.2339435,3.7264953,4.314924
4.125548,4.16118,4.6048665,3.878218,4.2352667,4.21679,3.714386,4.260551
3.5363302,3.6258569,4.0008836,3.1431882,3.517022,3.4611304,3.218945,3.6200678
3.8829725,3.8945985,4.2025566,3.544929,3.888188,3.8681722,3.500506,3.991645
3.5339613,3.5641565,4.0175414,3.0832126,3.378206,3.3693862,3.0738454,3.565339
4.305645,4.270876,4.77895,4.0501456,4.520562,4.505305,3.8932366,4.4103765
4.381328,4.384093,4.8496494,4.1936,4.6521854,4.683209,3.9686203,4.4785047
3.5137668,3.5333552,4.018553,3.1075976,3.481348,3.4291232,3.130279,3.6882703
3.0588315,3.0425968,3.4888077,2.5557191,2.9286401,2.8778567,2.749525,3.0750773
4.060339,4.0777607,4.404254,3.641618,4.091328,4.0554976,3.6357198,4.050613
4.5698123,4.5619483,4.9849095,4.75128,4.98786,5.1005387,4.230005,4.5699162
3.8743422,3.951798,4.2104974,3.6935823,3.9674113,3.9191227,3.5061977,3.899713
4.5262113,4.549584,4.9884686,4.7721624,4.997236,5.0527563,4.187328,4.5825963
